,error_tickers,,,,,,
TPLT.SW:,TPLT,data,found,for,this,date,range
WALT.SW:,WALT,data,found,for,this,date,range
TNIK.SW:,TNIK,data,found,for,this,date,range
AVAX.SW:,AVAX,data,found,for,this,date,range
TSLV.SW:,TSLV,data,found,for,this,date,range
PLKA.SW:,PLKA,data,found,,,,
BTIC.SW:,BTIC,data,found,for,this,date,range
VAVA.SW:,VAVA,data,found,for,this,date,range
LUNA.SW:,LUNA,data,found,for,this,date,range
LITE.SW:,LITE,data,found,for,this,date,range
VBTC.SW:,VBTC,data,found,for,this,date,range
RDAN.SW:,RDAN,data,found,for,this,date,range
ALTS.SW:,ALTS,data,found,for,this,date,range
TCOP.SW:,TCOP,data,found,for,this,date,range
VETH.SW:,VETH,data,found,for,this,date,range
ADOT.SW:,ADOT,data,found,for,this,date,range
ESOL.SW:,ESOL,data,found,for,this,date,range
BTCE.SW:,BTCE,data,found,for,this,date,range
VTOP.SW:,VTOP,data,found,for,this,date,range
POLY.SW:,POLY,data,found,for,this,date,range
VDOT.SW:,VDOT,data,found,for,this,date,range
SGLE.SW:,SGLE,data,found,for,this,date,range
ELTC.SW:,ELTC,data,found,for,this,date,range
VSOL.SW:,VSOL,data,found,for,this,date,range
BLOC.SW:,BLOC,data,found,for,this,date,range
TPAL.SW:,TPAL,data,found,for,this,date,range
ATOM.SW:,ATOM,data,found,for,this,date,range
TGLD.SW:,TGLD,data,found,for,this,date,range
XBTI.SW:,XBTI,data,found,for,this,date,range
ZETH.SW:,ZETH,data,found,for,this,date,range
MEGA.SW:,MEGA,data,found,for,this,date,range
ALGO.SW:,ALGO,data,found,for,this,date,range